,tgt_feature,yeo7,raw_mean,norm_mean,raw_std,norm_std,raw_cv,norm_cv,raw_sign_consistency,norm_sign_consistency,num_subjects
0,1,Somatomotor,-0.02191217005892372,-0.5267877398264209,0.0045019417657846846,0.10693268581817017,0.20545394425465727,0.20299008069816699,1.0,1.0,4
1,10d,Default,-0.010085114054882549,-0.08777388916913062,0.0010618444152491458,0.09829573659880816,0.10528829019390916,1.1198744584440494,1.0,0.75,4
2,10pp,Limbic,-0.011118716004006643,0.3506882215926509,0.001198134997652751,0.23839743630806948,0.10775839559361006,0.6797988116777555,1.0,1.0,4
3,10r,Default,-0.00500175928035,-0.006509151602804922,0.00046774283253832967,0.09403365480954896,0.09351566245419135,14.44637650919484,1.0,0.5,4
4,10v,Limbic,-0.012879107609160906,0.35188515311101914,0.001231746756599274,0.25265288071891284,0.09563913851633112,0.7179981266194578,1.0,1.0,4
5,11l,Frontoparietal,-0.013964211567841743,0.3282474823930623,0.002339296372450263,0.17427330780496927,0.16752083431888423,0.5309204705377891,1.0,1.0,4
6,13l,Limbic,-0.00981357345198973,0.47835044529820764,0.001245848365181959,0.21712488052183654,0.12695155044968454,0.45390337284306087,1.0,1.0,4
7,2,Somatomotor,-0.016877375214440757,-0.5245670057837339,0.002769382686553059,0.14555143978547755,0.16408847059248274,0.2774696810524999,1.0,1.0,4
8,23c,Ventral Attention,-0.008424971545246547,-0.060732018444940784,0.0014178534021300553,0.1323794902314803,0.16829177339240062,2.179731443497051,1.0,0.5,4
9,23d,Default,-0.0037989551076652492,-0.25031120124048234,0.00043592540554665787,0.18244157451236712,0.1147487646450678,0.728859010736357,1.0,0.75,4
10,24dd,Somatomotor,-0.008924685295873664,0.1466943181155444,0.0009662729581912381,0.024148912312330115,0.10826969536259112,0.16462063849882122,1.0,1.0,4
11,24dv,Somatomotor,-0.005075917912037809,-0.0028026774192403056,0.00012622961965882783,0.18395700294535322,0.024868333540120413,65.63616693183928,1.0,0.5,4
12,25,Limbic,-0.00684297818922339,0.6865368509508046,0.0010637227929244028,0.33138329400994554,0.15544734522164608,0.48268828330337005,1.0,1.0,4
13,31a,Default,-0.003369788846355036,-0.2894460977020391,0.00032871536724387863,0.13198264275586952,0.09754776403852032,0.45598349331257787,1.0,1.0,4
14,31pd,Default,-0.003505242595406583,-0.2746658843433486,0.00021584293522546171,0.11983653002365138,0.06157717457510968,0.4362992888983935,1.0,1.0,4
15,31pv,Default,-0.003226963287813391,-0.3230407945736342,0.00051361312888767,0.10763928259609322,0.1591629910471331,0.33320646928868863,1.0,1.0,4
16,33pr,Ventral Attention,-0.005003067636763149,0.39581788151214664,0.000446460228006636,0.10969185518618318,0.08923729607930782,0.27712708371619393,1.0,1.0,4
17,3a,Somatomotor,-0.008250454092123853,-0.13369027687533191,0.0008999748852580147,0.07854609066413158,0.10908186085383585,0.5875228363643598,1.0,1.0,4
18,3b,Somatomotor,-0.017145239839626663,-0.5068455182932909,0.003001081828554802,0.05263476879708836,0.17503877791307412,0.10384775419209834,1.0,1.0,4
19,4,Somatomotor,-0.04158659701155138,-1.6761090252737918,0.006038370446555888,0.10916573900453068,0.1451999172925505,0.06513045235031682,1.0,1.0,4
20,43,Somatomotor,-0.007227650754183183,0.12058562552908153,0.0008200745364310655,0.18933647517478722,0.11346349793623148,1.5701413360344936,1.0,0.75,4
21,44,Frontoparietal,-0.006827750356133864,-0.03235999181614654,0.0012492929669840655,0.08454447385525911,0.18297285369576158,2.612623462193655,1.0,0.5,4
22,45,Default,-0.008988582672077987,-0.015516063941300121,0.0006439942818236511,0.07368444486190348,0.07164580950277581,4.748913457734134,1.0,0.75,4
23,46,Frontoparietal,-0.013627395296488971,-0.39965345220550896,0.002230833316864631,0.22914728060171335,0.1637021065529224,0.5733649473991825,1.0,1.0,4
24,47l,Default,-0.009683759477260767,0.03337228367695713,0.0018636985582079222,0.22208651790170147,0.19245609750884726,6.654819312082248,1.0,0.75,4
25,47m,Default,-0.004981660990862567,0.3557408106344267,0.0004504072121764761,0.09939890185804377,0.09041305962060031,0.2794138285140133,1.0,1.0,4
26,47s,Default,-0.011426501864195181,0.3707333206904075,0.0011684147689522107,0.1280009091933973,0.10225480928799614,0.34526410778244687,1.0,1.0,4
27,52,Somatomotor,-0.004715148072346374,0.23950572756638738,0.00024661173208277677,0.14052830957441725,0.0523020122165658,0.5867430019412163,1.0,1.0,4
28,55b,Ventral Attention,-0.006728518537336033,-0.0040453099478069965,0.0006540620993786791,0.13775708209350504,0.09720744555422396,34.05352961104613,1.0,0.5,4
29,5L,Somatomotor,-0.006869027037823082,-0.044523701764509295,0.0011677708940159859,0.09875882527380653,0.1700052842398002,2.2181180216360423,1.0,0.75,4
30,5m,Somatomotor,-0.006535656492678524,-0.014537722050064372,0.0011892346507648823,0.07263709193734533,0.18196100913459964,4.996456232083739,1.0,0.5,4
31,5mv,Ventral Attention,-0.006248498751683838,0.09057829387173826,0.0010268289767113525,0.12197755077298955,0.16433210880207727,1.3466532163402596,1.0,0.75,4
32,6a,Dorsal Attention,-0.010396480734499391,-0.23621773448399436,0.0011618113836829166,0.11058219478591215,0.11175044838274881,0.46813671728531875,1.0,1.0,4
33,6d,Somatomotor,-0.009124730064650319,-0.09109978084736202,0.0012679721906236762,0.1431759967130399,0.1389599672143581,1.5716393100103254,1.0,0.5,4
34,6ma,Ventral Attention,-0.011536769547398315,-0.1151554171144383,0.002372900722043821,0.13301711124196344,0.20568155689466291,1.155109456203651,1.0,0.75,4
35,6mp,Somatomotor,-0.013416915338832845,-0.11371514594242865,0.0016050247738355404,0.0947327363866276,0.11962695845520357,0.8330705254917282,1.0,0.75,4
36,6r,Ventral Attention,-0.011085649778365073,-0.06770316040162569,0.0019174694818261612,0.15113789623383905,0.1729686143944692,2.232361020331481,1.0,0.75,4
37,6v,Somatomotor,-0.007693230391538089,-0.004731537657581095,0.001767841343469547,0.29235080169112515,0.22979181091652018,61.78769415957343,1.0,0.25,4
38,7AL,Dorsal Attention,-0.006592592626125402,-0.0740092234362722,0.0011564171712943657,0.04920744765186081,0.17541159250636348,0.6648826371517371,1.0,0.75,4
39,7Am,Ventral Attention,-0.00663004425646628,-0.06675513524664121,0.000808749759773709,0.08945049905431969,0.12198255825893403,1.3399792948336569,1.0,0.75,4
40,7PC,Ventral Attention,-0.008192532890451689,-0.0523658913621402,0.0012121301736823064,0.068554781768816,0.14795548457242466,1.3091495243482125,1.0,0.75,4
41,7PL,Ventral Attention,-0.0046359467109511774,-0.10664009665251767,0.0002030729864438087,0.05536870122505357,0.043803994977790264,0.5192109062454265,1.0,1.0,4
42,7Pm,Frontoparietal,-0.004345991445747708,-0.09860018098490612,0.000611049413377295,0.03862185187118416,0.14060069399703262,0.3917016326480826,1.0,1.0,4
43,7m,Default,-0.005585566851223835,-0.30523683611639013,0.00047615009937118646,0.059681504131300786,0.08524651338956919,0.19552523506220454,1.0,1.0,4
44,8Ad,Default,-0.009744131052946385,-0.32451823716468603,0.0015233657488712663,0.14686210683072068,0.15633674676518622,0.4525542481490534,1.0,1.0,4
45,8Av,Frontoparietal,-0.009410883005980721,-0.33897309784294727,0.002233408563874607,0.10650483491311198,0.2373218923724002,0.3141984882896451,1.0,1.0,4
46,8BL,Default,-0.009644523440536594,-0.3967552784130961,0.0008050753703267661,0.11230530865196493,0.0834748731018662,0.28305939394468294,1.0,1.0,4
47,8BM,Frontoparietal,-0.007772621469542438,-0.2723629550447927,0.0007895860967992006,0.13046760330387333,0.10158555898974998,0.4790211035947113,1.0,1.0,4
48,8C,Frontoparietal,-0.009819656236050972,-0.21751155050639973,0.0025316529277042937,0.15685400533513136,0.2578148223162659,0.7211295444768406,1.0,1.0,4
49,9-46d,Frontoparietal,-0.014095199911341698,-0.41351722283770753,0.004117827856442246,0.14458576708203968,0.2921439839337672,0.3496487185946909,1.0,1.0,4
50,9a,Default,-0.008134677171110593,-0.23882631201662116,0.0018397399246786626,0.126554668693747,0.22616016419339857,0.5299025372252092,1.0,1.0,4
51,9m,Default,-0.015881616758652163,-0.5676075838295281,0.003475826130270635,0.06360635624561183,0.21885845648410046,0.11206044115279999,1.0,1.0,4
52,9p,Default,-0.008484724964344928,-0.21805188203752926,0.0008990943816982157,0.12863719337125853,0.10596623761836119,0.5899384686306839,1.0,1.0,4
53,A1,Somatomotor,-0.004974825876329116,0.1699281408885625,0.0005604405918379611,0.1321617003517792,0.11265531814984964,0.7777505224308302,1.0,0.75,4
54,A4,Somatomotor,-0.012126088636189391,0.13037143898343445,0.0018114125622203656,0.20705727958137302,0.14938143836540518,1.5882104331738074,1.0,0.75,4
55,A5,Somatomotor,-0.012830133630638542,0.29267156400149463,0.00247822694935729,0.2732325475161043,0.19315675274334232,0.9335807817486121,1.0,0.75,4
56,AAIC,Ventral Attention,-0.007117664037118098,0.5324752336247066,0.0012081480679623678,0.09838351055928542,0.16973940630830056,0.1847663597226139,1.0,1.0,4
57,AIP,Dorsal Attention,-0.007965661887614184,-0.240492651033438,0.0026039067981031357,0.06000579194261194,0.3268914541994248,0.24951195674693927,1.0,1.0,4
58,AVI,Frontoparietal,-0.006318535466115379,-0.09520142068258078,0.0008392758316142433,0.13389327007378227,0.13282758894288965,1.4064209243285066,1.0,0.75,4
59,DVT,Visual,-0.006542511267715195,0.1138522862065499,0.0005676215192893109,0.21769663902525244,0.08675896701780358,1.9120972119111332,1.0,0.5,4
60,EC,Limbic,-0.013662454212863042,1.1006884015152263,0.0016692250589872737,0.13396565273190508,0.12217607707813707,0.12171078803727349,1.0,1.0,4
61,FEF,Dorsal Attention,-0.006660742971409997,-0.1529813688732876,0.001139984858886963,0.09659606038890778,0.17114980472600977,0.6314236896972533,1.0,1.0,4
62,FFC,Visual,-0.01051649443173655,0.11242050866067382,0.0026888469702591455,0.311615516579168,0.2556790181093783,2.7718742806949708,1.0,0.5,4
63,FOP1,Ventral Attention,-0.004342900584712853,0.1475386867569145,0.0008819836354325949,0.14040291760673287,0.20308630562191662,0.9516345894962549,1.0,0.75,4
64,FOP2,Somatomotor,-0.00416776024308718,0.14583293522330615,0.00047957255015544805,0.12551271047275278,0.11506721168783328,0.8606609356148658,1.0,0.75,4
65,FOP3,Ventral Attention,-0.0037666383061608715,-0.036750815860684086,0.00026425906545468457,0.12079632986940468,0.07015780225631205,3.286901992252973,1.0,0.5,4
66,FOP4,Ventral Attention,-0.00564554001548909,-0.19189986755239144,0.00044615632892677873,0.07556883906862086,0.07902810496475188,0.3937930756934445,1.0,1.0,4
67,FOP5,Ventral Attention,-0.005617203978453104,-0.022168316378129348,0.000468419549977654,0.11036050995564764,0.08339016204048369,4.978299121737828,1.0,0.5,4
68,FST,Dorsal Attention,-0.004814259098739195,0.1336607781109717,0.001259405076843759,0.41939761538651876,0.261598939943549,3.1377762520454158,1.0,0.5,4
69,H,Limbic,-0.013431971766012818,0.7311367138250829,0.0020596271689205625,0.15199742817287068,0.15333766365799528,0.20789193771663683,1.0,1.0,4
70,IFJa,Frontoparietal,-0.0050716135993916465,0.11300232326861315,0.0006005387545728663,0.16674732979195525,0.11841177227005277,1.475609748266742,1.0,0.75,4
71,IFJp,Dorsal Attention,-0.0038831852739668288,-0.07544610071044242,0.0010777031679488362,0.15747001845067865,0.27753071046438105,2.0871856460155453,1.0,0.5,4
72,IFSa,Frontoparietal,-0.0086928827250363,-0.02730055414608929,0.00221806844359519,0.16441156094305903,0.25515913578437555,6.022279257163372,1.0,0.5,4
73,IFSp,Frontoparietal,-0.0056243273026956656,-0.045438601665640094,0.0006373890501917403,0.09315620290244217,0.11332716178986386,2.050155583306282,1.0,0.5,4
74,IP0,Dorsal Attention,-0.003610689509184306,-0.2561321313105116,0.00035353594632314537,0.05725655259655406,0.09791369361000885,0.22354302954337796,1.0,1.0,4
75,IP1,Frontoparietal,-0.007136906355919801,-0.28898548618716713,0.0017954694629062089,0.0935676203929249,0.251575314760426,0.3237796528380806,1.0,1.0,4
76,IP2,Frontoparietal,-0.0049455224453592486,-0.34378784319453726,0.0009879749278068433,0.12511316892972893,0.1997715992036258,0.36392551803797163,1.0,1.0,4
77,IPS1,Visual,-0.004606539045087727,-0.1444574557317418,0.0009678652119446238,0.16085510037434092,0.2101068074038634,1.113511930274126,1.0,0.75,4
78,Ig,Somatomotor,-0.0063053810563957965,0.41575410373733296,0.0006491204565657648,0.19833187690157283,0.10294706232025998,0.47704129705205717,1.0,1.0,4
79,LBelt,Somatomotor,-0.004392063829858194,0.0024452294360739063,0.0008675672359129843,0.048779482922946954,0.19753065290515037,19.948836785339847,1.0,0.5,4
80,LIPd,Dorsal Attention,-0.0037315963268366114,-0.16005399421492267,0.0005174708478442061,0.07205759221902547,0.13867278304534136,0.4502080224393873,1.0,1.0,4
81,LIPv,Ventral Attention,-0.004837878828185205,-0.022713862137125035,0.0005434472546317516,0.0541172022685755,0.11233172097359262,2.382562769020367,1.0,0.75,4
82,LO1,Visual,-0.0027989715947305876,-0.11756795550560567,0.0003754409360112189,0.11344859480544045,0.13413531481278093,0.9649618751772135,1.0,0.75,4
83,LO2,Visual,-0.0044821556638708175,0.05840244973840797,0.0008978661028040119,0.1446241458920978,0.20032015176121956,2.476336977984448,1.0,0.5,4
84,LO3,Visual,-0.003755890585021359,0.08015929504347616,0.0004193595456420059,0.2663941999991373,0.11165382381329969,3.323310164524932,1.0,0.5,4
85,MBelt,Somatomotor,-0.006798025024542053,0.35477031722397356,0.0010993469055745316,0.3296990766855631,0.1617156308789241,0.9293310648574286,1.0,0.75,4
86,MI,Ventral Attention,-0.007461119910506766,0.1706964173117693,0.0008897258395813233,0.22836258865620115,0.11924829653634293,1.3378288323363414,1.0,0.5,4
87,MIP,Ventral Attention,-0.005335728086345028,-0.21017533070682917,0.001923043139635451,0.12782968333077577,0.36040875931380806,0.6082049824823814,1.0,1.0,4
88,MST,Visual,-0.003454398761060878,0.17711510968726615,0.00013389071599233476,0.5356530287890449,0.03875948471890248,3.0243214694378846,1.0,0.25,4
89,MT,Visual,-0.0032845433798200227,0.21164990575014095,0.00043503662929923195,0.4619253538427205,0.13244965250636145,2.1824973283382283,1.0,0.5,4
90,OFC,Limbic,-0.026346689559885526,1.5640595224022968,0.0058938478752327385,0.5358642495969376,0.2237035458225647,0.34261116148181103,1.0,1.0,4
91,OP1,Somatomotor,-0.0056013626294730825,0.1935047328206247,0.0011063393097723421,0.19419347124872383,0.197512530960063,1.0035592846648231,1.0,0.75,4
92,OP2-3,Somatomotor,-0.0050424917143961304,0.18039243581969028,0.0007519254863108976,0.13699087568745977,0.14911784270545803,0.7594047669736431,1.0,0.75,4
93,OP4,Somatomotor,-0.008041006975947528,-0.002673912898551095,0.0012973060480310084,0.08724175135831308,0.16133626695158262,32.62699821134282,1.0,0.5,4
94,PBelt,Somatomotor,-0.006127170721369021,0.17220190890744166,0.0010889755801127804,0.10626835810363428,0.1777289436892768,0.6171148669481556,1.0,1.0,4
95,PCV,Dorsal Attention,-0.0059499038592204945,0.010465534904891709,0.0009758517759769404,0.14491450444881848,0.16401135195901942,13.846832079369761,1.0,0.5,4
96,PEF,Dorsal Attention,-0.0041212634898876365,-0.05977639066649816,0.0006445176824926872,0.11476276774375622,0.15638837072032477,1.9198678017218482,1.0,0.5,4
97,PF,Ventral Attention,-0.01249424588376668,-0.49889252991763167,0.001151899827117573,0.08169839019849735,0.09219442596485111,0.16375949788622002,1.0,1.0,4
98,PFcm,Ventral Attention,-0.005703236045967217,0.19005890896224065,0.0006287217581154896,0.13642557381986384,0.11023947685981916,0.7178067819328994,1.0,1.0,4
99,PFm,Frontoparietal,-0.0159244082852614,-0.9571606601164795,0.003986793812559679,0.211425404917776,0.2503574224638285,0.22088810554755464,1.0,1.0,4
100,PFop,Ventral Attention,-0.007055125914496151,-0.022898427002248936,0.00041781084268350366,0.1799731015873701,0.05922089098722231,7.859627282244946,1.0,0.5,4
101,PFt,Dorsal Attention,-0.006699710537835952,-0.16108291694361887,0.0004250596321626768,0.0751722092685202,0.06344447715497477,0.46666779255575225,1.0,1.0,4
102,PGi,Default,-0.013832629327890745,-0.5144502112330623,0.002154944321286255,0.11041567515633835,0.15578703587041393,0.21462849610205822,1.0,1.0,4
103,PGp,Dorsal Attention,-0.006257999753949666,-0.20513099318422084,0.0004543992961420105,0.10766095493067658,0.07261094822754212,0.5248400217805708,1.0,1.0,4
104,PGs,Default,-0.010180866165002744,-0.44928637575513786,0.0011511568042205426,0.07992725359602977,0.11307061556095332,0.17789823575596317,1.0,1.0,4
105,PH,Dorsal Attention,-0.008587707519561186,-0.17714300817671647,0.0018637854213513166,0.18512864636492093,0.21702944785974176,1.0450801771427414,1.0,0.75,4
106,PHA1,Visual,-0.0050174704618315535,0.21029453782313612,0.0008054037672833518,0.241135747776933,0.16051988216176782,1.1466572088512126,1.0,1.0,4
107,PHA2,Visual,-0.0027724924336818657,-0.043879369389443104,0.0003185035580746023,0.14023939869732657,0.11487986556977905,3.196021288561787,1.0,0.75,4
108,PHA3,Visual,-0.005635395501662073,0.23820112641296526,0.00035119212288889275,0.18207405848647568,0.06231898413967823,0.7643711061668825,1.0,1.0,4
109,PHT,Dorsal Attention,-0.01004582701922926,0.08544104218610549,0.001605609291276717,0.2810637798839439,0.15982848283205886,3.289564039630251,1.0,0.5,4
110,PI,Ventral Attention,-0.006157957878965394,0.4864404745220897,0.0011629496606735215,0.39979692942762785,0.18885313662926678,0.8218825331514898,1.0,0.75,4
111,PIT,Visual,-0.0052653166917650575,0.11296528194462543,0.0007144740204910311,0.16651597900154247,0.13569440592404758,1.474045619460031,1.0,0.5,4
112,POS1,Default,-0.005642789788067535,-0.20202638380976234,0.0004595771236542997,0.27705065875368473,0.08144501938139527,1.3713587974458268,1.0,0.75,4
113,POS2,Frontoparietal,-0.007362251451646012,-0.465055963658233,0.0006579833788395648,0.05561377608899908,0.08937257619643736,0.11958512616745913,1.0,1.0,4
114,PSL,Ventral Attention,-0.006767250132310593,0.12931800237029056,0.00031311549436826815,0.2533346337357976,0.04626923613674064,1.9590051585424006,1.0,0.75,4
115,PeEc,Limbic,-0.020451122904395127,1.0328849372441122,0.005472974389716465,0.27587087585773157,0.26761241499068367,0.2670877131714161,1.0,1.0,4
116,Pir,Limbic,-0.005757757111163745,0.5875739328232155,0.0009014620166303157,0.3182045488156559,0.1565647871603452,0.5415566127767529,1.0,1.0,4
117,PoI1,Ventral Attention,-0.009335221302767961,0.839465233167404,0.0013500259750870089,0.28779402771407936,0.14461638683238462,0.3428301927742709,1.0,1.0,4
118,PoI2,Ventral Attention,-0.009691525243882098,0.6387217374681575,0.0017556728117195447,0.25682626575047146,0.18115547011837338,0.40209413690617524,1.0,1.0,4
119,PreS,Visual,-0.007238872597797802,0.5739398470703895,0.0012493425886044903,0.28269323759023984,0.17258800617440942,0.4925485467392014,1.0,1.0,4
120,ProS,Visual,-0.005249228584095692,0.30284988684353975,0.000877589174692006,0.18217550714720984,0.16718440826733252,0.6015373129108235,1.0,1.0,4
121,RI,Somatomotor,-0.006500523962492835,0.22455809546741987,0.0010611169147989297,0.12128920446234957,0.16323559776433935,0.5401239452529418,1.0,1.0,4
122,RSC,Default,-0.005678363668943894,-0.0746238820791691,0.0009518262063486329,0.12509195136284917,0.16762332633860008,1.6762991669361031,1.0,0.75,4
123,SCEF,Ventral Attention,-0.007908859233142508,-0.23854018868083565,0.0011475991975413015,0.06488214945034888,0.14510299952390404,0.27199672226787974,1.0,1.0,4
124,SFL,Default,-0.008338723772780379,-0.14117869523871038,0.0019444297886874505,0.22466528310888476,0.2331807410427171,1.5913540122255134,1.0,0.75,4
125,STGa,Default,-0.011737696176260033,0.8371183057312643,0.0019381574618684103,0.12949470948014996,0.16512247657154497,0.1546910497519582,1.0,1.0,4
126,STSda,Default,-0.012893607159713428,0.8877033307721398,0.0026453922025421613,0.16731081249357102,0.20517083929839208,0.18847604452271363,1.0,1.0,4
127,STSdp,Default,-0.009149262435735692,0.09782100778409043,0.0013513168197337158,0.1266094988549648,0.1476968038927016,1.2942976332283966,1.0,0.75,4
128,STSva,Default,-0.008533198382685639,0.5020459852656631,0.0009977432309707143,0.11777637286696531,0.11692488399135241,0.23459279891391355,1.0,1.0,4
129,STSvp,Default,-0.008600210374966784,-0.16359710052568566,0.0020562765805004993,0.12820552312207878,0.23909607914776634,0.7836662306979566,1.0,0.75,4
130,STV,Ventral Attention,-0.007840791693675221,0.2669943858390949,0.00044786230975443834,0.29211136232241025,0.05711952660542005,1.094073051028317,1.0,1.0,4
131,TA2,Somatomotor,-0.007616547602821731,0.521136214329937,0.0009947921546071892,0.1966652924917631,0.13060932675568715,0.3773779044402625,1.0,1.0,4
132,TE1a,Default,-0.01708370240806327,0.5723625277020227,0.0026997016297871154,0.10132540913797733,0.15802790082042717,0.17703012380071165,1.0,1.0,4
133,TE1m,Default,-0.013116881533327627,0.4605633060936205,0.0031576943899764708,0.23990624987663314,0.24073514592270576,0.5208974460242094,1.0,1.0,4
134,TE1p,Frontoparietal,-0.024112915740641644,0.01541883029611582,0.006067778225698751,0.3199659779392904,0.2516401703951414,20.751637562279512,1.0,0.5,4
135,TE2a,Limbic,-0.0336568692291834,1.3920073674925937,0.004998352598424275,0.30393055128872454,0.14850913685371167,0.21833975766679384,1.0,1.0,4
136,TE2p,Dorsal Attention,-0.013819788279727083,0.3852880102982622,0.0018298725700048842,0.2412310336647391,0.13240959506515834,0.626105737051084,1.0,1.0,4
137,TF,Limbic,-0.027976030581955774,1.36267728371616,0.0020226400123093966,0.17264382335349207,0.07229903493221003,0.12669457795808758,1.0,1.0,4
138,TGd,Limbic,-0.061148140569772566,-0.9751708526486564,0.011429713117695962,0.4175236105341162,0.1869184084944363,0.42815431716409746,1.0,1.0,4
139,TGv,Limbic,-0.022919535745579603,1.3064308517655465,0.005560626168819876,0.30116978730510763,0.24261513106312949,0.2305286857686333,1.0,1.0,4
140,TPOJ1,Ventral Attention,-0.009906746031509327,0.14856598697439946,0.0016848940214517578,0.25483275960079166,0.17007542295853711,1.7152833215095447,1.0,0.75,4
141,TPOJ2,Dorsal Attention,-0.005558763251895672,0.1392562132281766,0.0005085345176005557,0.4752328573973631,0.09148339199859486,3.412651014850418,1.0,0.25,4
142,TPOJ3,Dorsal Attention,-0.0037394740134053498,0.005878559295108637,0.000455588732038923,0.3870031163263424,0.12183230326129246,65.83298677421786,1.0,0.25,4
143,V1,Visual,-0.09909466661882255,-5.23015705963237,0.024977881941502945,0.58616420809845,0.2520608100694545,0.11207392080490443,1.0,1.0,4
144,V2,Visual,-0.06579632730529915,-2.730904602369214,0.020369863193456565,0.27344007880505306,0.30958966902421625,0.10012802298836376,1.0,1.0,4
145,V3,Visual,-0.038478525007665465,-0.9847179573244694,0.010862630582176827,0.1900020859879418,0.2823037156443195,0.19295076785660278,1.0,1.0,4
146,V3A,Visual,-0.008773898396524106,0.07430461095844434,0.001575814612095151,0.20666805395927823,0.17960255987457419,2.7813624389320815,1.0,0.5,4
147,V3B,Visual,-0.00303200073260231,-0.067024544293835,0.000599292844279671,0.09422087201796177,0.1976559035212729,1.4057666935398816,1.0,0.5,4
148,V3CD,Visual,-0.0033542152546497043,-0.16218536689076024,0.0006290534108043878,0.13978584565248922,0.18754115733400736,0.8618893820836612,1.0,0.75,4
149,V4,Visual,-0.017249692650726064,-0.29331113657193786,0.002761322518578781,0.18647332327880092,0.16007951993640612,0.6357526190727035,1.0,1.0,4
150,V4t,Visual,-0.00328165901708583,-0.007545757220933508,0.0005367471988233071,0.22626176345032875,0.1635597105088474,29.98529595182725,1.0,0.75,4
151,V6,Visual,-0.006494675707416121,0.06331709115016942,0.000499626172501844,0.042974441935529475,0.07692857888675371,0.678717880984248,1.0,0.75,4
152,V6A,Visual,-0.004855819457398077,0.25650175947558057,0.0004351994248748013,0.11932800514508382,0.08962430104598593,0.46521320317276055,1.0,1.0,4
153,V7,Visual,-0.0038037264033320395,-0.02526348669639157,0.0007961458185774061,0.08821677055942147,0.2093068044746824,3.4918683877479837,1.0,0.75,4
154,V8,Visual,-0.0044199676529576536,-0.018737279219492725,0.0007572169298800586,0.1988176480687629,0.17131730124164174,10.610806709969362,1.0,0.75,4
155,VIP,Ventral Attention,-0.005200947087956053,0.009815436476910563,0.0007238172205812888,0.08298746370074384,0.13917027194094095,8.454790970932388,1.0,0.25,4
156,VMV1,Visual,-0.005671840654042301,0.5165788514538345,0.00016160241064202272,0.2217265733705037,0.02849205760511788,0.4292211590669791,1.0,1.0,4
157,VMV2,Visual,-0.003676256293841974,0.13883821829285004,0.000360629989497178,0.3076052760992666,0.09809707503289755,2.2155662891786605,1.0,0.5,4
158,VMV3,Visual,-0.004171158796918626,0.09793928345787484,0.0006074698981773672,0.1901074546046066,0.14563576400546666,1.9410745912427947,1.0,0.75,4
159,VVC,Visual,-0.009112145692104133,0.2575585687349586,0.001636326665793827,0.23272996393724552,0.17957643798559308,0.9036001600736374,1.0,0.75,4
160,a10p,Frontoparietal,-0.006462334621847409,-0.07267564071506438,0.0007118808727099736,0.16456005506673888,0.1101584666172031,2.264308280568464,1.0,0.5,4
161,a24,Default,-0.00591058707716105,0.07327413476989028,0.0004972630427761588,0.06485826076782937,0.08413090548951056,0.8851453650255977,1.0,0.75,4
162,a24pr,Ventral Attention,-0.005692842665947438,0.16980123637849914,0.0003132416879775764,0.18030125976253317,0.055023773948870376,1.0618371432857456,1.0,0.75,4
163,a32pr,Frontoparietal,-0.004648354329953019,-0.113819348297334,0.0005987425969874837,0.09675456079434089,0.1288074347364856,0.8500712949224221,1.0,1.0,4
164,a47r,Frontoparietal,-0.014403679479126902,-0.09540408049984384,0.0032226501087864717,0.17152976020898753,0.2237379770534728,1.7979289702317114,1.0,0.75,4
165,a9-46v,Frontoparietal,-0.007103608551444268,-0.11019723607245349,0.0017017361713928085,0.2294687283965583,0.23955939563235373,2.082345588465441,1.0,0.75,4
166,d23ab,Default,-0.003213996327793344,-0.3173607972423954,0.00038553258416389733,0.07451613808843144,0.11995427027404078,0.2347994419471953,1.0,1.0,4
167,d32,Default,-0.006256540644766258,-0.18943798526929828,0.0009400397819923475,0.11264782221381281,0.1502491289301721,0.5946422099753472,1.0,1.0,4
168,i6-8,Frontoparietal,-0.005764247778865949,-0.07944939332871269,0.0006830423533404341,0.10284347529958875,0.11849635538651584,1.2944526193433064,1.0,0.75,4
169,p10p,Frontoparietal,-0.007037115751560311,-0.1038288249543825,0.0005494577717145736,0.13812395736138736,0.07807996786080214,1.3303045413648138,1.0,0.75,4
170,p24,Default,-0.005773882895652662,-0.05424175486483758,0.0007474037402940218,0.09132248958505212,0.12944560078569753,1.6836197466806566,1.0,0.75,4
171,p24pr,Ventral Attention,-0.006070169579528006,0.29330784326630543,0.001409316280851694,0.18478988036638294,0.23217082527722022,0.6300202487207447,1.0,1.0,4
172,p32,Default,-0.005122394573605594,-0.09127951265755205,0.0008090133060418806,0.1656910051683875,0.15793654596827075,1.8152047523522683,1.0,0.75,4
173,p32pr,Ventral Attention,-0.005780868016434688,-0.04675466908798706,0.0009374845639602217,0.12394659503173605,0.16217020718947484,2.650999300165774,1.0,0.5,4
174,p47r,Frontoparietal,-0.006556366684016872,-0.08767734307544722,0.0010352998410824085,0.21919625174854523,0.15790755626988728,2.500033008070565,1.0,0.75,4
175,p9-46v,Frontoparietal,-0.008878799716924977,-0.2777291053819183,0.0013948095181511742,0.23506012810065263,0.15709437791375735,0.8463647617249566,1.0,1.0,4
176,pOFC,Limbic,-0.010409207835131473,0.8564414870826755,0.0018725910808049659,0.35042731342725575,0.17989755901355908,0.40916667246110144,1.0,1.0,4
177,s32,Default,-0.004830616814968311,0.24409533896703847,0.0008418715648994879,0.23344859084981,0.17427827483455868,0.9563828290934054,1.0,1.0,4
178,s6-8,Frontoparietal,-0.004457058965755222,-0.2034466716732304,0.0005986387289750444,0.18078267074488302,0.13431249924547692,0.8885997950128691,1.0,1.0,4
179,v23ab,Default,-0.0032641355248978062,-0.22814450677748505,0.0004416058806575477,0.07683343360616396,0.1352903019158108,0.33677529514704246,1.0,1.0,4
